{"_type":"export","__export_format":4,"__export_date":"2023-10-06T14:43:39.835Z","__export_source":"insomnia.desktop.app:v2023.5.8","resources":[{"_id":"req_923cc0972c5e40a4b441a00d9547c5b4","parentId":"fld_d62f64e7d04749a280b82e00ff8a4d08","modified":1696602203843,"created":1696602053273,"url":"localhost:3000/produtos_compra","name":"LISTAGEM DE PRODUTO DA COMPRA","description":"","method":"GET","body":{"mimeType":"application/json","text":""},"parameters":[],"headers":[{"name":"Content-Type","value":"application/json"},{"name":"User-Agent","value":"insomnia/2023.5.8"}],"authentication":{},"metaSortKey":-1696602053273,"isPrivate":false,"settingStoreCookies":true,"settingSendCookies":true,"settingDisableRenderRequestBody":false,"settingEncodeUrl":true,"settingRebuildPath":true,"settingFollowRedirects":"global","_type":"request"},{"_id":"fld_d62f64e7d04749a280b82e00ff8a4d08","parentId":"wrk_fdcbbe755ce04f2192e241db17ed65c4","modified":1696602049948,"created":1696602049948,"name":"Floricultura_carol","description":"","environment":{},"environmentPropertyOrder":null,"metaSortKey":-1696602049948,"_type":"request_group"},{"_id":"wrk_fdcbbe755ce04f2192e241db17ed65c4","parentId":null,"modified":1692368679279,"created":1692368679279,"name":"My Collection","description":"","scope":"collection","_type":"workspace"},{"_id":"req_e69c58122c5944b9b05efb6fad2229d5","parentId":"fld_d62f64e7d04749a280b82e00ff8a4d08","modified":1696602408335,"created":1696602052191,"url":"localhost:3000/produtos_compra","name":"INCLUSÃO DE PRODUTOS EM UMA COMPRA ","description":"","method":"POST","body":{"mimeType":"application/json","text":"{\n\t\"produto_id\": 1,\n\t\"compra_id\": 2,\n\t\"qtd\": 2,\n\t\"preco\": \"12.00\"\n}"},"parameters":[],"headers":[{"name":"Content-Type","value":"application/json"},{"name":"User-Agent","value":"insomnia/2023.5.8"}],"authentication":{},"metaSortKey":-1696602052191,"isPrivate":false,"settingStoreCookies":true,"settingSendCookies":true,"settingDisableRenderRequestBody":false,"settingEncodeUrl":true,"settingRebuildPath":true,"settingFollowRedirects":"global","_type":"request"},{"_id":"env_06d0c58e403f8edcd60903aee66f9ef997ce6648","parentId":"wrk_fdcbbe755ce04f2192e241db17ed65c4","modified":1692368679291,"created":1692368679291,"name":"Base Environment","data":{},"dataPropertyOrder":null,"color":null,"isPrivate":false,"metaSortKey":1692368679291,"_type":"environment"},{"_id":"jar_06d0c58e403f8edcd60903aee66f9ef997ce6648","parentId":"wrk_fdcbbe755ce04f2192e241db17ed65c4","modified":1692368679296,"created":1692368679296,"name":"Default Jar","cookies":[],"_type":"cookie_jar"},{"_id":"spc_826ba594395042d88896d97d0dc4b18a","parentId":"wrk_fdcbbe755ce04f2192e241db17ed65c4","modified":1692368679281,"created":1692368679281,"fileName":"My Collection","contents":"","contentType":"yaml","_type":"api_spec"}]}